CustomerID,Tenure,MonthlyCharges,ContractType,UsageMetrics,SupportTickets,Churn
CUST1000,39,74.67,Month-to-month,713.57,3,No
CUST1001,52,122.01,Two year,201.64,1,No
CUST1002,29,103.12,One year,857.87,1,No
CUST1003,15,124.66,Month-to-month,318.01,1,No
CUST1004,43,137.41,Month-to-month,530.43,2,Yes
CUST1005,8,100.24,Month-to-month,230.68,0,Yes
CUST1006,21,147.46,One year,739.1,0,No
CUST1007,39,99.05,Two year,700.17,3,No
CUST1008,58,102.76,One year,290.0,2,Yes
CUST1009,19,92.13,One year,877.06,3,No
CUST1010,23,31.83,One year,461.18,1,No
CUST1011,11,114.43,Month-to-month,363.26,2,No
CUST1012,11,91.17,Month-to-month,237.1,5,No
CUST1013,24,78.62,Month-to-month,339.55,5,No
CUST1014,53,138.36,Month-to-month,119.82,0,No
CUST1015,36,58.73,Two year,624.93,1,No
CUST1016,40,88.07,Month-to-month,858.01,2,Yes
CUST1017,24,110.69,Month-to-month,594.08,3,No
CUST1018,3,123.54,Month-to-month,297.35,2,No
CUST1019,22,79.72,Month-to-month,130.3,3,No
CUST1020,53,129.47,Month-to-month,293.17,1,Yes
CUST1021,2,119.96,Month-to-month,474.51,1,No
CUST1022,24,28.61,One year,783.65,1,Yes
CUST1023,44,25.96,Month-to-month,269.06,3,Yes
CUST1024,30,100.7,One year,747.81,1,No
CUST1025,38,65.16,Month-to-month,880.24,1,No
CUST1026,2,47.19,Month-to-month,508.55,1,No
CUST1027,21,95.35,Month-to-month,839.29,0,No
CUST1028,33,64.4,Month-to-month,599.19,1,Yes
CUST1029,12,89.84,One year,673.38,6,No
CUST1030,58,79.82,Month-to-month,573.65,4,No
CUST1031,22,96.02,Month-to-month,516.86,3,No
CUST1032,44,72.04,One year,311.19,3,No
CUST1033,25,110.7,Month-to-month,372.87,1,No
CUST1034,49,43.41,Month-to-month,360.97,3,No
CUST1035,27,110.55,One year,606.96,1,Yes
CUST1036,59,73.52,One year,207.96,5,No
CUST1037,42,133.66,Month-to-month,925.11,1,No
CUST1038,28,86.98,Two year,748.59,2,Yes
CUST1039,16,146.5,One year,461.3,3,No
CUST1040,15,98.25,Month-to-month,242.76,0,No
CUST1041,47,49.1,One year,893.79,2,No
CUST1042,51,126.83,Month-to-month,841.4,4,Yes
CUST1043,44,64.86,Month-to-month,749.55,2,Yes
CUST1044,55,65.19,Month-to-month,344.39,0,No
CUST1045,52,24.13,Month-to-month,462.2,1,No
CUST1046,57,91.33,One year,192.47,1,No
CUST1047,3,89.48,Month-to-month,270.14,1,No
CUST1048,37,66.28,One year,804.71,3,No
CUST1049,51,136.25,One year,743.53,1,No
CUST1050,7,36.74,Month-to-month,634.14,2,No
CUST1051,21,62.91,One year,906.15,2,No
CUST1052,9,61.81,Month-to-month,624.94,2,No
CUST1053,39,32.0,Month-to-month,520.27,2,Yes
CUST1054,18,82.55,One year,406.33,0,No
CUST1055,4,109.41,Month-to-month,946.4,2,No
CUST1056,25,86.52,Month-to-month,174.44,5,No
CUST1057,14,40.41,Month-to-month,937.8,0,No
CUST1058,50,69.05,Month-to-month,844.04,1,No
CUST1059,58,20.34,Month-to-month,216.94,1,No
CUST1060,9,132.88,Month-to-month,608.49,2,No
CUST1061,26,30.99,Two year,879.89,0,No
CUST1062,53,97.65,Month-to-month,614.63,0,No
CUST1063,2,148.21,Month-to-month,916.48,2,No
CUST1064,20,89.76,Month-to-month,948.69,0,No
CUST1065,28,140.13,Month-to-month,480.15,1,Yes
CUST1066,47,50.7,Two year,439.58,4,No
CUST1067,7,118.79,One year,942.69,2,Yes
CUST1068,44,89.06,One year,707.63,2,No
CUST1069,8,113.67,Month-to-month,204.42,0,Yes
CUST1070,47,28.1,Month-to-month,138.06,3,No
CUST1071,35,39.21,Month-to-month,608.17,2,No
CUST1072,14,37.31,One year,937.15,1,No
CUST1073,17,109.33,Month-to-month,859.82,2,Yes
CUST1074,36,129.78,Month-to-month,708.26,3,No
CUST1075,50,117.45,Two year,225.2,1,No
CUST1076,40,23.96,Month-to-month,328.81,0,No
CUST1077,4,132.74,Month-to-month,887.96,0,No
CUST1078,2,66.04,Month-to-month,264.53,1,Yes
CUST1079,6,71.63,Two year,350.6,3,No
CUST1080,54,33.63,Month-to-month,216.64,2,No
CUST1081,42,115.86,One year,708.5,1,No
CUST1082,4,43.7,One year,949.58,0,Yes
CUST1083,54,93.32,Month-to-month,342.07,0,No
CUST1084,29,129.29,One year,527.87,1,Yes
CUST1085,18,31.6,Month-to-month,670.91,1,No
CUST1086,26,89.59,Month-to-month,999.52,5,No
CUST1087,44,50.32,One year,194.33,4,No
CUST1088,34,64.58,Two year,548.71,2,No
CUST1089,10,81.62,One year,446.61,1,No
CUST1090,36,66.16,Month-to-month,879.24,0,No
CUST1091,14,104.35,Month-to-month,528.37,0,No
CUST1092,31,82.35,Month-to-month,199.88,0,No
CUST1093,48,95.95,Month-to-month,670.98,1,No
CUST1094,15,115.79,Month-to-month,793.7,2,Yes
CUST1095,8,92.51,Month-to-month,102.59,3,No
CUST1096,14,96.25,Month-to-month,873.06,2,No
CUST1097,23,93.38,Month-to-month,267.42,0,Yes
CUST1098,57,69.24,Month-to-month,596.86,1,No
CUST1099,40,63.87,Month-to-month,474.22,3,No
CUST1100,21,136.95,One year,747.69,0,No
CUST1101,16,98.98,Month-to-month,434.05,0,Yes
CUST1102,45,51.77,Two year,882.79,3,Yes
CUST1103,18,84.77,Two year,757.45,0,Yes
CUST1104,47,62.95,Month-to-month,682.94,0,No
CUST1105,53,141.38,One year,816.62,1,No
CUST1106,24,20.98,Month-to-month,778.62,3,No
CUST1107,26,49.29,Month-to-month,132.34,1,Yes
CUST1108,25,67.5,Month-to-month,455.26,1,Yes
CUST1109,45,83.42,Month-to-month,937.73,2,No
CUST1110,41,130.61,Month-to-month,213.15,1,No
CUST1111,29,31.43,Month-to-month,763.39,1,No
CUST1112,15,124.76,One year,977.13,2,Yes
CUST1113,45,27.23,One year,146.98,2,No
CUST1114,1,129.5,Month-to-month,713.97,1,No
CUST1115,25,26.71,One year,521.34,4,Yes
CUST1116,7,22.37,Month-to-month,621.26,1,Yes
CUST1117,9,110.6,Month-to-month,176.81,0,No
CUST1118,24,149.64,One year,138.71,1,No
CUST1119,1,136.56,Month-to-month,700.18,0,No
CUST1120,44,94.88,Month-to-month,840.98,1,No
CUST1121,8,139.26,Month-to-month,803.81,0,No
CUST1122,24,20.69,Month-to-month,589.43,2,Yes
CUST1123,11,146.76,Two year,189.88,2,No
CUST1124,51,83.8,Month-to-month,719.24,2,No
CUST1125,17,113.98,Two year,317.7,1,Yes
CUST1126,8,126.71,Month-to-month,919.96,1,No
CUST1127,35,113.4,Month-to-month,854.44,0,Yes
CUST1128,35,89.55,Month-to-month,738.44,1,No
CUST1129,33,81.96,One year,953.96,2,No
CUST1130,59,129.02,Month-to-month,128.28,2,No
CUST1131,5,46.66,Two year,762.58,2,No
CUST1132,42,145.84,One year,397.22,2,Yes
CUST1133,39,112.42,Month-to-month,915.46,1,No
CUST1134,58,45.94,Two year,340.01,2,No
CUST1135,41,115.71,One year,752.37,4,No
CUST1136,28,88.88,One year,889.88,1,No
CUST1137,7,111.94,Month-to-month,137.49,0,No
CUST1138,9,119.81,Month-to-month,457.88,3,Yes
CUST1139,8,31.35,Month-to-month,786.08,2,No
CUST1140,12,85.79,Month-to-month,509.43,2,Yes
CUST1141,34,141.16,Month-to-month,340.53,1,Yes
CUST1142,33,61.68,One year,297.82,1,No
CUST1143,48,97.2,Month-to-month,218.37,0,No
CUST1144,55,68.0,Month-to-month,871.42,2,Yes
CUST1145,23,79.05,Two year,617.82,2,No
CUST1146,24,91.32,Two year,168.75,2,Yes
CUST1147,37,91.36,Month-to-month,444.32,2,No
CUST1148,35,46.22,Two year,430.96,1,No
CUST1149,44,108.99,Month-to-month,263.57,0,No
CUST1150,40,31.42,Month-to-month,491.96,1,Yes
CUST1151,22,38.05,One year,398.89,1,No
CUST1152,27,20.35,Month-to-month,407.62,2,No
CUST1153,35,35.17,Month-to-month,765.12,1,No
CUST1154,1,81.51,Month-to-month,300.94,0,No
CUST1155,35,98.79,Month-to-month,677.67,1,No
CUST1156,37,123.26,Month-to-month,613.58,1,Yes
CUST1157,47,33.87,Month-to-month,611.28,4,No
CUST1158,14,130.59,One year,696.71,1,No
CUST1159,3,116.98,One year,593.54,1,Yes
CUST1160,1,73.11,Month-to-month,891.33,0,No
CUST1161,5,141.28,Month-to-month,708.02,0,Yes
CUST1162,26,148.82,Month-to-month,592.27,3,No
CUST1163,55,46.65,Month-to-month,846.79,1,No
CUST1164,14,69.3,One year,645.53,0,No
CUST1165,39,140.44,Month-to-month,362.03,1,No
CUST1166,27,113.81,Month-to-month,286.39,0,No
CUST1167,9,26.25,One year,237.1,1,No
CUST1168,15,121.6,One year,909.51,0,Yes
CUST1169,15,127.63,One year,739.12,0,No
CUST1170,26,117.57,Month-to-month,943.64,0,Yes
CUST1171,42,123.94,Month-to-month,642.96,0,No
CUST1172,13,127.27,Month-to-month,526.06,1,No
CUST1173,51,44.23,Month-to-month,153.74,1,No
CUST1174,32,50.64,One year,704.48,4,No
CUST1175,39,102.39,One year,623.99,2,No
CUST1176,49,138.02,One year,991.19,0,No
CUST1177,52,61.11,One year,315.24,2,Yes
CUST1178,32,96.48,Month-to-month,577.66,2,No
CUST1179,4,108.79,One year,685.86,0,Yes
CUST1180,30,78.75,Month-to-month,680.13,0,Yes
CUST1181,37,112.79,Month-to-month,605.16,2,No
CUST1182,23,136.96,Month-to-month,799.24,1,Yes
CUST1183,39,101.13,Month-to-month,284.48,2,No
CUST1184,45,90.17,Month-to-month,753.06,1,Yes
CUST1185,15,77.04,Two year,657.76,0,Yes
CUST1186,43,95.07,Month-to-month,906.47,3,Yes
CUST1187,29,66.2,Month-to-month,862.47,1,No
CUST1188,36,70.89,Month-to-month,383.63,0,Yes
CUST1189,13,89.14,One year,348.61,2,No
CUST1190,32,28.66,Month-to-month,983.49,0,Yes
CUST1191,7,49.77,One year,574.54,1,No
CUST1192,59,90.57,Month-to-month,915.78,2,Yes
CUST1193,51,76.1,One year,247.49,0,No
CUST1194,22,63.27,Month-to-month,678.54,2,No
CUST1195,28,114.97,One year,828.87,3,Yes
CUST1196,2,110.18,One year,952.66,2,No
CUST1197,42,41.67,Month-to-month,403.61,2,No
CUST1198,45,134.22,Month-to-month,752.48,1,No
CUST1199,57,84.41,Month-to-month,584.93,0,No
CUST1200,53,116.39,Month-to-month,154.57,0,No
CUST1201,6,94.51,Month-to-month,721.0,2,No
CUST1202,28,149.7,One year,721.09,2,No
CUST1203,28,117.81,Month-to-month,937.55,4,No
CUST1204,44,111.91,Month-to-month,547.58,0,No
CUST1205,44,121.21,Month-to-month,307.23,1,No
CUST1206,20,38.61,Month-to-month,140.11,1,No
CUST1207,30,46.59,Two year,474.08,0,Yes
CUST1208,11,112.83,Month-to-month,371.73,3,No
CUST1209,58,84.22,One year,784.98,0,Yes
CUST1210,55,118.1,One year,418.84,1,No
CUST1211,28,33.38,One year,954.16,0,No
CUST1212,25,89.74,Two year,966.08,2,No
CUST1213,39,69.25,Month-to-month,658.82,2,Yes
CUST1214,33,79.41,Two year,935.79,1,No
CUST1215,1,98.51,Month-to-month,784.77,0,No
CUST1216,57,85.3,Month-to-month,592.17,1,No
CUST1217,27,90.18,One year,262.28,1,No
CUST1218,57,83.23,Two year,512.74,2,No
CUST1219,52,73.16,One year,604.79,0,Yes
CUST1220,13,120.34,Month-to-month,877.57,3,Yes
CUST1221,41,21.59,Month-to-month,533.2,3,No
CUST1222,3,97.8,Two year,907.91,2,Yes
CUST1223,39,93.52,Month-to-month,706.91,2,No
CUST1224,6,113.1,One year,223.3,0,No
CUST1225,8,97.87,One year,995.48,1,No
CUST1226,27,127.48,Month-to-month,574.51,1,Yes
CUST1227,9,144.68,Month-to-month,452.67,2,No
CUST1228,37,64.53,Month-to-month,693.2,6,No
CUST1229,33,49.56,Month-to-month,198.0,3,No
CUST1230,51,75.07,Two year,672.88,1,Yes
CUST1231,42,57.43,Month-to-month,548.41,2,No
CUST1232,44,99.94,Two year,466.01,1,No
CUST1233,24,138.54,Month-to-month,957.72,3,No
CUST1234,15,38.09,Two year,570.29,0,No
CUST1235,59,33.1,Month-to-month,297.21,3,Yes
CUST1236,54,53.28,Month-to-month,513.07,2,Yes
CUST1237,32,114.39,Month-to-month,927.45,1,No
CUST1238,32,97.09,One year,258.49,1,No
CUST1239,24,33.29,One year,292.56,1,No
CUST1240,41,139.44,One year,111.73,0,Yes
CUST1241,52,122.71,Month-to-month,112.77,0,Yes
CUST1242,49,22.99,Month-to-month,846.45,6,Yes
CUST1243,49,104.68,Month-to-month,758.91,2,Yes
CUST1244,58,120.26,Month-to-month,419.54,1,No
CUST1245,52,68.68,Month-to-month,728.48,0,No
CUST1246,12,28.96,Two year,455.69,0,No
CUST1247,39,30.05,Two year,957.61,3,No
CUST1248,2,33.55,Two year,970.35,0,Yes
CUST1249,3,129.26,One year,453.51,2,No
CUST1250,49,138.39,Month-to-month,868.8,1,Yes
CUST1251,37,35.97,Month-to-month,795.78,3,No
CUST1252,49,50.67,Month-to-month,379.0,2,No
CUST1253,56,41.52,One year,308.84,0,No
CUST1254,17,44.22,Month-to-month,512.41,1,No
CUST1255,59,128.87,Month-to-month,803.21,3,No
CUST1256,49,63.18,Month-to-month,964.15,3,No
CUST1257,2,60.49,Month-to-month,787.22,2,Yes
CUST1258,2,49.56,Two year,869.69,1,No
CUST1259,28,99.03,One year,642.76,1,No
CUST1260,54,69.31,Month-to-month,851.87,1,Yes
CUST1261,23,116.75,Two year,805.98,4,No
CUST1262,37,46.73,One year,439.29,0,No
CUST1263,32,122.41,Month-to-month,596.79,0,No
CUST1264,33,98.48,Month-to-month,824.28,2,No
CUST1265,1,34.85,Month-to-month,141.45,1,No
CUST1266,19,73.89,Month-to-month,827.27,2,No
CUST1267,2,132.26,Two year,260.1,2,No
CUST1268,53,139.98,Month-to-month,563.22,1,No
CUST1269,44,80.54,Two year,827.45,4,No
CUST1270,26,82.51,Month-to-month,328.44,6,No
CUST1271,32,139.4,Month-to-month,321.23,4,No
CUST1272,6,96.32,Month-to-month,462.49,1,No
CUST1273,32,24.27,Month-to-month,905.18,2,No
CUST1274,55,138.66,Month-to-month,100.4,2,No
CUST1275,4,52.27,Two year,911.24,0,No
CUST1276,55,95.09,Month-to-month,238.43,0,No
CUST1277,11,41.52,One year,991.08,0,Yes
CUST1278,56,24.4,Month-to-month,959.36,1,No
CUST1279,59,60.49,Month-to-month,545.21,0,No
CUST1280,17,121.46,Month-to-month,561.45,4,Yes
CUST1281,38,56.09,Month-to-month,533.39,2,Yes
CUST1282,24,48.61,Month-to-month,671.9,1,No
CUST1283,5,47.65,Month-to-month,181.65,2,Yes
CUST1284,52,86.97,Month-to-month,129.36,0,No
CUST1285,34,146.82,Month-to-month,151.93,0,No
CUST1286,6,79.67,Month-to-month,499.93,1,No
CUST1287,22,92.45,Month-to-month,347.99,0,No
CUST1288,11,131.88,Two year,659.84,2,No
CUST1289,48,89.56,One year,993.2,1,No
CUST1290,16,43.98,Month-to-month,447.69,2,No
CUST1291,33,58.95,Month-to-month,616.46,0,No
CUST1292,9,60.29,Two year,474.04,1,No
CUST1293,59,71.65,One year,862.54,0,No
CUST1294,6,75.48,Month-to-month,912.01,1,Yes
CUST1295,16,123.97,Two year,889.62,2,No
CUST1296,29,65.42,Month-to-month,976.94,0,Yes
CUST1297,3,80.87,Month-to-month,124.77,0,No
CUST1298,20,101.25,One year,855.83,3,Yes
CUST1299,59,69.1,Month-to-month,776.59,2,No
CUST1300,36,128.75,Two year,305.82,2,No
CUST1301,19,96.37,One year,960.69,3,Yes
CUST1302,26,58.23,Month-to-month,233.36,1,No
CUST1303,3,112.83,Month-to-month,711.59,1,No
CUST1304,19,88.59,Month-to-month,302.4,2,No
CUST1305,20,89.48,Month-to-month,488.24,3,No
CUST1306,32,82.54,One year,747.24,1,No
CUST1307,7,84.61,Month-to-month,606.99,1,No
CUST1308,52,119.5,Month-to-month,484.75,2,No
CUST1309,41,33.39,One year,393.7,1,No
CUST1310,33,63.47,Month-to-month,855.69,1,Yes
CUST1311,40,29.82,One year,229.43,1,No
CUST1312,39,117.92,Month-to-month,487.09,0,No
CUST1313,18,55.4,Two year,913.38,0,Yes
CUST1314,40,136.67,Month-to-month,861.26,0,No
CUST1315,1,88.46,Month-to-month,460.85,0,No
CUST1316,11,124.1,Month-to-month,786.8,4,No
CUST1317,28,147.26,Month-to-month,840.84,1,Yes
CUST1318,57,129.17,One year,900.0,1,No
CUST1319,25,132.71,One year,590.06,0,No
CUST1320,50,73.04,One year,284.01,0,No
CUST1321,23,91.72,Month-to-month,329.78,2,No
CUST1322,31,53.01,Month-to-month,366.13,0,No
CUST1323,30,45.49,Month-to-month,634.42,1,No
CUST1324,42,85.72,Month-to-month,129.53,0,Yes
CUST1325,35,97.36,Two year,672.44,1,No
CUST1326,7,64.11,Month-to-month,427.92,1,No
CUST1327,16,94.03,Month-to-month,365.72,3,No
CUST1328,26,135.37,Month-to-month,891.55,2,No
CUST1329,48,92.37,One year,514.0,1,Yes
CUST1330,57,113.71,One year,185.55,0,Yes
CUST1331,52,124.69,Two year,844.07,1,No
CUST1332,49,148.53,Month-to-month,142.88,2,No
CUST1333,2,98.42,Month-to-month,754.07,3,No
CUST1334,1,124.89,Two year,796.52,1,No
CUST1335,48,145.14,One year,417.34,0,Yes
CUST1336,12,142.77,Month-to-month,842.31,3,No
CUST1337,5,38.34,One year,564.09,1,No
CUST1338,37,72.83,One year,516.96,5,No
CUST1339,32,62.12,One year,140.86,1,No
CUST1340,59,31.3,One year,361.03,1,No
CUST1341,55,102.32,Month-to-month,937.91,5,No
CUST1342,9,115.67,Month-to-month,452.64,0,No
CUST1343,41,130.26,Month-to-month,592.03,2,No
CUST1344,35,35.96,One year,578.82,1,No
CUST1345,19,133.94,One year,631.39,1,Yes
CUST1346,48,103.58,One year,155.2,0,Yes
CUST1347,16,111.51,Month-to-month,425.96,0,Yes
CUST1348,3,138.38,One year,750.82,2,No
CUST1349,20,101.22,One year,280.5,2,No
CUST1350,24,63.66,One year,283.22,1,No
CUST1351,54,127.26,One year,109.08,3,No
CUST1352,56,67.2,One year,493.73,1,No
CUST1353,33,24.45,Month-to-month,894.46,0,No
CUST1354,24,127.99,Month-to-month,146.71,1,Yes
CUST1355,52,64.87,Month-to-month,272.01,1,No
CUST1356,11,120.6,Month-to-month,379.08,2,No
CUST1357,49,67.16,One year,758.55,3,No
CUST1358,8,131.94,One year,676.57,4,No
CUST1359,36,48.54,Month-to-month,474.35,2,No
CUST1360,38,146.69,Month-to-month,783.16,0,No
CUST1361,40,121.37,One year,648.67,1,No
CUST1362,20,34.85,Month-to-month,906.44,2,No
CUST1363,35,93.55,Month-to-month,836.22,0,Yes
CUST1364,48,148.1,Month-to-month,327.53,0,No
CUST1365,25,81.24,Month-to-month,344.29,4,No
CUST1366,35,43.67,Month-to-month,212.82,2,Yes
CUST1367,25,83.02,Month-to-month,403.27,3,No
CUST1368,29,86.62,Month-to-month,999.59,2,No
CUST1369,18,116.42,Two year,465.18,0,No
CUST1370,46,110.85,Month-to-month,298.44,1,No
CUST1371,18,72.33,One year,786.23,1,No
CUST1372,2,48.34,Month-to-month,588.22,3,No
CUST1373,54,103.86,Month-to-month,234.64,1,Yes
CUST1374,35,74.82,One year,442.62,0,Yes
CUST1375,16,37.2,Month-to-month,473.02,1,Yes
CUST1376,41,137.07,Month-to-month,778.45,0,No
CUST1377,36,109.86,Month-to-month,118.6,1,No
CUST1378,33,108.81,One year,342.12,1,No
CUST1379,4,126.94,Month-to-month,565.84,2,No
CUST1380,33,88.86,Month-to-month,341.96,1,No
CUST1381,14,125.96,One year,665.59,1,No
CUST1382,21,84.75,Month-to-month,533.68,1,No
CUST1383,48,28.73,One year,425.54,1,No
CUST1384,20,72.68,One year,954.29,1,No
CUST1385,56,84.67,Two year,668.94,1,No
CUST1386,8,113.63,Month-to-month,216.95,1,No
CUST1387,7,33.86,One year,604.08,0,No
CUST1388,3,38.2,Month-to-month,802.66,1,Yes
CUST1389,17,54.28,Month-to-month,737.64,0,No
CUST1390,33,54.64,Month-to-month,254.88,1,No
CUST1391,48,115.18,One year,975.18,0,No
CUST1392,12,52.59,Month-to-month,503.93,2,No
CUST1393,59,102.3,Month-to-month,243.12,1,No
CUST1394,51,84.26,Month-to-month,262.18,1,No
CUST1395,22,94.53,One year,188.41,0,No
CUST1396,55,128.95,One year,823.17,1,No
CUST1397,22,72.57,One year,209.83,3,No
CUST1398,46,120.22,Month-to-month,212.61,1,No
CUST1399,30,74.86,Month-to-month,865.42,0,No
CUST1400,38,66.0,One year,410.14,0,No
CUST1401,38,144.62,Month-to-month,127.77,2,Yes
CUST1402,45,43.97,Month-to-month,146.71,2,No
CUST1403,51,31.74,One year,227.95,1,No
CUST1404,54,120.23,Two year,292.05,4,No
CUST1405,8,28.87,One year,698.63,1,Yes
CUST1406,27,128.82,One year,241.59,2,Yes
CUST1407,27,76.84,Two year,206.99,1,Yes
CUST1408,34,139.02,Month-to-month,788.25,1,Yes
CUST1409,21,113.8,Month-to-month,703.95,5,No
CUST1410,30,99.35,Two year,491.79,1,No
CUST1411,33,143.41,Month-to-month,594.38,0,No
CUST1412,28,71.56,One year,380.79,1,No
CUST1413,47,144.03,Month-to-month,534.25,0,No
CUST1414,33,37.55,Month-to-month,556.01,0,No
CUST1415,5,82.89,One year,448.51,0,No
CUST1416,48,55.09,Two year,915.91,1,Yes
CUST1417,19,90.18,One year,114.46,0,No
CUST1418,4,41.06,Month-to-month,803.95,1,No
CUST1419,35,129.4,Two year,211.94,1,Yes
CUST1420,49,130.03,Month-to-month,817.79,3,No
CUST1421,17,144.18,Month-to-month,654.32,1,No
CUST1422,44,40.11,Month-to-month,858.95,1,No
CUST1423,28,101.03,Month-to-month,187.76,1,No
CUST1424,30,81.65,Month-to-month,603.08,0,Yes
CUST1425,29,64.77,Two year,550.98,1,No
CUST1426,46,65.7,One year,735.57,0,No
CUST1427,53,73.66,One year,580.86,3,No
CUST1428,6,111.64,Month-to-month,586.66,1,Yes
CUST1429,35,97.78,Two year,486.64,0,No
CUST1430,41,79.76,Two year,377.95,1,No
CUST1431,37,29.87,One year,534.04,1,No
CUST1432,24,30.11,Month-to-month,206.64,5,No
CUST1433,29,20.3,Month-to-month,965.36,1,No
CUST1434,49,145.8,Month-to-month,742.97,2,No
CUST1435,46,20.68,Month-to-month,957.22,2,No
CUST1436,53,33.4,Month-to-month,304.05,1,No
CUST1437,31,60.9,Two year,891.41,2,No
CUST1438,35,124.97,Month-to-month,827.91,3,Yes
CUST1439,33,145.07,Month-to-month,709.44,1,Yes
CUST1440,52,122.7,Month-to-month,662.53,2,No
CUST1441,21,109.77,Month-to-month,384.89,1,No
CUST1442,32,87.77,Month-to-month,834.77,1,No
CUST1443,23,31.27,Month-to-month,551.36,0,No
CUST1444,33,144.56,Month-to-month,163.8,0,No
CUST1445,3,118.59,One year,381.58,0,Yes
CUST1446,18,103.06,Two year,941.77,1,Yes
CUST1447,25,118.67,Month-to-month,865.61,1,Yes
CUST1448,42,114.13,Month-to-month,983.72,3,No
CUST1449,31,102.84,One year,665.19,3,No
CUST1450,54,147.47,Month-to-month,322.76,3,Yes
CUST1451,58,137.44,Month-to-month,246.53,2,No
CUST1452,3,104.07,Two year,268.22,0,Yes
CUST1453,40,110.11,Month-to-month,117.82,0,No
CUST1454,46,26.71,One year,451.61,3,No
CUST1455,24,107.09,Month-to-month,272.28,1,No
CUST1456,50,25.74,Month-to-month,470.49,5,No
CUST1457,32,96.47,Month-to-month,941.49,3,No
CUST1458,47,149.92,One year,487.49,1,No
CUST1459,22,92.25,Month-to-month,890.19,1,No
CUST1460,23,81.52,Month-to-month,644.95,1,No
CUST1461,2,60.67,One year,322.42,2,No
CUST1462,27,35.67,Month-to-month,420.27,3,No
CUST1463,42,115.03,Month-to-month,175.53,4,No
CUST1464,2,45.04,Two year,400.12,0,No
CUST1465,26,34.99,Month-to-month,709.79,1,Yes
CUST1466,17,74.83,One year,164.9,0,No
CUST1467,40,123.39,One year,284.86,0,No
CUST1468,33,116.86,One year,443.3,1,No
CUST1469,9,27.13,Month-to-month,983.84,0,No
CUST1470,43,79.17,Two year,806.38,1,No
CUST1471,54,87.92,Month-to-month,760.14,1,No
CUST1472,48,103.79,One year,204.57,2,No
CUST1473,39,104.52,Month-to-month,802.9,1,No
CUST1474,29,67.41,Month-to-month,806.74,4,No
CUST1475,42,92.89,Month-to-month,640.99,1,No
CUST1476,55,82.54,Two year,991.33,3,No
CUST1477,26,135.05,Two year,392.73,1,No
CUST1478,35,88.93,Month-to-month,947.15,0,No
CUST1479,50,77.33,Month-to-month,923.26,1,Yes
CUST1480,25,72.58,One year,110.33,2,No
CUST1481,24,94.42,Month-to-month,505.1,2,No
CUST1482,13,124.52,Month-to-month,979.39,5,No
CUST1483,58,89.99,One year,192.81,1,Yes
CUST1484,7,106.02,Month-to-month,593.01,1,No
CUST1485,57,115.92,Two year,981.06,2,Yes
CUST1486,36,87.62,Month-to-month,599.95,2,No
CUST1487,45,75.49,Month-to-month,270.83,1,Yes
CUST1488,20,133.97,Month-to-month,623.96,1,No
CUST1489,1,74.28,One year,284.0,0,No
CUST1490,8,80.05,Month-to-month,567.73,3,No
CUST1491,46,148.74,One year,166.64,3,No
CUST1492,16,20.03,Month-to-month,644.93,1,Yes
CUST1493,14,44.11,One year,565.11,2,No
CUST1494,12,69.92,Month-to-month,766.15,1,No
CUST1495,51,141.24,Month-to-month,667.63,3,No
CUST1496,23,29.1,One year,594.65,2,No
CUST1497,15,21.23,Month-to-month,720.8,1,No
CUST1498,28,26.85,Month-to-month,229.55,0,Yes
CUST1499,34,31.51,Two year,635.82,1,No
CUST1500,2,24.89,Month-to-month,254.9,2,No
CUST1501,32,82.37,One year,932.97,1,No
CUST1502,23,95.5,Month-to-month,161.5,1,No
CUST1503,22,55.32,One year,487.34,1,No
CUST1504,51,71.78,Month-to-month,726.22,4,No
CUST1505,25,31.92,Month-to-month,512.22,2,Yes
CUST1506,58,63.73,Two year,182.89,2,No
CUST1507,22,87.93,One year,598.04,3,Yes
CUST1508,58,115.2,Month-to-month,677.47,1,Yes
CUST1509,58,20.44,Month-to-month,733.41,1,No
CUST1510,22,80.75,Two year,435.93,1,No
CUST1511,49,58.61,Month-to-month,607.29,0,No
CUST1512,52,130.87,One year,505.62,2,Yes
CUST1513,42,113.02,One year,704.85,1,No
CUST1514,6,96.58,Month-to-month,625.2,0,No
CUST1515,15,56.04,Month-to-month,573.18,0,No
CUST1516,54,138.34,One year,324.57,2,No
CUST1517,43,25.86,Month-to-month,101.82,4,No
CUST1518,37,34.23,Month-to-month,256.67,3,No
CUST1519,33,70.91,Two year,205.36,1,No
CUST1520,8,36.18,Month-to-month,504.18,3,No
CUST1521,53,144.33,One year,651.03,1,No
CUST1522,44,123.74,Month-to-month,291.78,2,Yes
CUST1523,44,53.67,Month-to-month,945.15,0,No
CUST1524,5,96.51,Month-to-month,106.01,1,No
CUST1525,39,147.7,Month-to-month,795.07,2,Yes
CUST1526,4,134.95,Month-to-month,662.68,2,Yes
CUST1527,6,98.1,Month-to-month,436.2,3,No
CUST1528,45,137.48,One year,145.44,2,Yes
CUST1529,32,148.59,Month-to-month,664.74,3,No
CUST1530,52,116.64,Month-to-month,447.05,4,No
CUST1531,30,28.45,Month-to-month,942.64,4,No
CUST1532,47,72.21,Month-to-month,587.79,3,Yes
CUST1533,35,128.92,Month-to-month,945.69,3,No
CUST1534,55,49.97,Month-to-month,298.44,3,No
CUST1535,40,127.98,Month-to-month,753.15,1,No
CUST1536,52,35.64,Month-to-month,655.52,1,No
CUST1537,16,26.1,Month-to-month,765.47,1,No
CUST1538,13,69.93,One year,293.2,1,No
CUST1539,50,24.78,Month-to-month,698.5,1,No
CUST1540,42,144.45,Month-to-month,548.24,3,No
CUST1541,30,127.41,One year,768.54,0,No
CUST1542,19,124.1,Month-to-month,394.34,0,Yes
CUST1543,17,101.87,Two year,901.05,1,No
CUST1544,56,48.12,Month-to-month,175.87,1,No
CUST1545,19,87.37,Month-to-month,826.47,2,No
CUST1546,28,97.65,Month-to-month,875.19,2,No
CUST1547,58,88.25,Month-to-month,835.53,3,No
CUST1548,55,53.83,One year,561.45,1,No
CUST1549,26,86.98,Month-to-month,494.55,0,Yes
CUST1550,37,83.85,Two year,996.64,2,No
CUST1551,26,149.52,Month-to-month,306.25,1,No
CUST1552,53,136.67,Month-to-month,592.19,1,Yes
CUST1553,23,80.24,Month-to-month,703.61,0,No
CUST1554,9,100.98,Month-to-month,730.78,2,No
CUST1555,12,117.22,Month-to-month,283.62,0,No
CUST1556,53,24.53,One year,688.59,1,No
CUST1557,1,136.34,One year,836.53,0,No
CUST1558,58,131.82,Month-to-month,145.02,1,No
CUST1559,58,79.47,One year,920.37,2,Yes
CUST1560,1,70.85,Two year,126.55,2,No
CUST1561,47,55.48,Two year,420.37,2,Yes
CUST1562,34,81.97,Month-to-month,114.23,1,No
CUST1563,32,25.77,One year,169.43,6,No
CUST1564,54,130.79,Month-to-month,920.05,1,No
CUST1565,48,24.6,Two year,419.37,2,No
CUST1566,25,62.78,Month-to-month,482.29,0,No
CUST1567,40,141.11,Month-to-month,293.81,2,Yes
CUST1568,45,115.58,One year,637.39,2,No
CUST1569,53,56.58,Month-to-month,635.32,0,No
CUST1570,1,52.84,Two year,434.98,0,No
CUST1571,16,20.66,Two year,399.73,2,Yes
CUST1572,39,110.44,One year,896.47,1,No
CUST1573,5,26.34,Month-to-month,444.96,1,No
CUST1574,22,89.24,One year,544.15,2,No
CUST1575,29,145.08,Month-to-month,354.97,3,No
CUST1576,55,34.23,Month-to-month,808.09,2,No
CUST1577,3,136.28,One year,457.7,0,No
CUST1578,12,148.89,Month-to-month,562.25,0,No
CUST1579,26,28.0,Month-to-month,328.02,1,No
CUST1580,16,134.78,Two year,988.89,1,No
CUST1581,51,87.09,Month-to-month,362.35,4,No
CUST1582,37,137.85,Month-to-month,793.67,2,No
CUST1583,22,94.27,Two year,484.75,3,Yes
CUST1584,57,106.07,Month-to-month,285.6,0,No
CUST1585,29,90.69,One year,819.75,2,Yes
CUST1586,14,132.38,Two year,400.25,0,No
CUST1587,28,115.41,Two year,878.67,2,No
CUST1588,5,87.76,One year,923.73,1,No
CUST1589,47,132.86,Month-to-month,873.84,2,No
CUST1590,49,51.89,Month-to-month,131.51,3,No
CUST1591,30,40.45,One year,808.64,0,Yes
CUST1592,46,40.85,Two year,470.21,1,No
CUST1593,52,63.42,Month-to-month,886.35,5,No
CUST1594,5,51.03,Month-to-month,674.16,1,No
CUST1595,12,140.91,Month-to-month,850.28,0,No
CUST1596,16,33.76,Month-to-month,549.49,0,No
CUST1597,26,110.87,One year,581.52,2,Yes
CUST1598,26,44.6,Month-to-month,229.95,3,No
CUST1599,48,134.61,Two year,805.59,0,No
CUST1600,21,144.97,One year,477.45,4,No
CUST1601,39,80.51,Month-to-month,550.07,0,No
CUST1602,36,134.28,One year,806.59,1,No
CUST1603,33,20.67,Month-to-month,638.96,1,No
CUST1604,30,126.59,Month-to-month,280.99,0,Yes
CUST1605,37,49.72,One year,631.21,1,Yes
CUST1606,23,138.13,One year,466.87,1,No
CUST1607,58,20.15,One year,522.57,2,Yes
CUST1608,10,92.3,Month-to-month,125.48,2,No
CUST1609,54,118.36,Month-to-month,289.03,3,No
CUST1610,5,53.63,One year,352.93,0,No
CUST1611,36,45.11,Month-to-month,741.66,2,No
CUST1612,34,30.93,Month-to-month,110.34,3,No
CUST1613,52,62.44,Month-to-month,467.9,1,Yes
CUST1614,31,92.78,One year,931.62,0,No
CUST1615,10,35.06,Month-to-month,200.69,1,No
CUST1616,58,68.97,One year,564.78,1,No
CUST1617,19,21.18,Two year,807.87,1,No
CUST1618,58,126.43,Month-to-month,948.28,1,No
CUST1619,32,36.7,Month-to-month,772.1,3,No
CUST1620,1,56.83,Month-to-month,748.51,1,No
CUST1621,56,22.4,Two year,843.84,1,Yes
CUST1622,5,76.19,Month-to-month,501.58,2,No
CUST1623,45,129.22,Month-to-month,825.26,2,No
CUST1624,4,70.98,Month-to-month,107.17,2,No
CUST1625,16,43.33,One year,932.1,2,No
CUST1626,24,117.98,Month-to-month,498.98,2,No
CUST1627,16,122.54,One year,598.04,2,No
CUST1628,55,42.59,Two year,329.39,2,No
CUST1629,2,120.21,Month-to-month,768.28,3,Yes
CUST1630,49,143.15,One year,168.97,1,No
CUST1631,28,41.63,Month-to-month,885.37,3,No
CUST1632,32,120.23,Two year,845.31,0,No
CUST1633,27,112.11,One year,294.45,1,No
CUST1634,20,81.56,Two year,828.39,0,No
CUST1635,24,27.53,Month-to-month,807.72,1,Yes
CUST1636,12,29.71,Month-to-month,668.99,0,No
CUST1637,50,130.81,Month-to-month,436.17,1,No
CUST1638,35,148.72,Month-to-month,344.35,0,Yes
CUST1639,33,107.89,Month-to-month,308.61,1,No
CUST1640,33,77.97,Month-to-month,386.75,1,No
CUST1641,51,104.18,Month-to-month,913.2,5,No
CUST1642,43,97.27,Month-to-month,169.88,0,Yes
CUST1643,37,69.87,One year,845.98,2,No
CUST1644,12,28.53,Month-to-month,414.0,0,No
CUST1645,3,126.8,Month-to-month,569.44,2,Yes
CUST1646,1,68.34,Month-to-month,815.04,1,No
CUST1647,33,126.44,Month-to-month,895.94,1,No
CUST1648,40,52.83,Two year,410.3,2,No
CUST1649,10,20.13,Month-to-month,515.66,2,No
CUST1650,43,40.66,One year,473.06,1,No
CUST1651,44,80.91,Two year,111.93,1,Yes
CUST1652,29,142.76,One year,366.35,4,Yes
CUST1653,13,33.29,One year,513.27,2,No
CUST1654,12,131.05,One year,469.98,4,No
CUST1655,31,88.51,Two year,749.74,1,No
CUST1656,46,127.37,One year,446.32,1,No
CUST1657,2,58.79,Month-to-month,540.44,0,No
CUST1658,51,129.19,One year,486.65,1,No
CUST1659,50,120.47,Month-to-month,766.56,2,No
CUST1660,35,49.91,One year,876.68,1,Yes
CUST1661,23,37.07,Month-to-month,578.7,1,No
CUST1662,17,132.85,Month-to-month,810.49,1,No
CUST1663,26,145.22,Month-to-month,367.11,2,No
CUST1664,8,24.07,Month-to-month,587.23,3,No
CUST1665,29,115.07,Month-to-month,410.71,1,No
CUST1666,26,138.24,Month-to-month,472.78,1,No
CUST1667,10,131.46,Month-to-month,759.17,0,Yes
CUST1668,26,145.39,Month-to-month,893.5,2,No
CUST1669,34,118.81,One year,209.35,1,No
CUST1670,51,77.5,Month-to-month,671.18,1,No
CUST1671,41,60.55,Month-to-month,623.93,3,No
CUST1672,7,61.7,One year,206.57,1,No
CUST1673,4,114.17,Month-to-month,290.7,2,Yes
CUST1674,58,116.96,Month-to-month,379.9,1,No
CUST1675,53,46.05,Two year,250.24,1,No
CUST1676,50,132.86,Two year,319.36,1,No
CUST1677,45,112.94,Month-to-month,340.84,1,Yes
CUST1678,11,93.16,Month-to-month,402.11,4,No
CUST1679,29,81.3,Two year,774.45,2,No
CUST1680,56,90.62,One year,614.72,1,No
CUST1681,36,40.7,Month-to-month,987.62,2,No
CUST1682,25,46.48,One year,473.26,3,No
CUST1683,21,31.85,Month-to-month,778.48,2,Yes
CUST1684,57,39.98,Month-to-month,884.32,1,No
CUST1685,36,78.98,Month-to-month,711.08,3,No
CUST1686,10,88.95,One year,470.68,3,No
CUST1687,37,22.32,Month-to-month,778.24,2,No
CUST1688,9,123.58,One year,283.3,0,No
CUST1689,24,58.24,Month-to-month,394.8,2,No
CUST1690,35,138.54,Month-to-month,592.02,0,No
CUST1691,49,145.78,Month-to-month,617.87,0,No
CUST1692,35,44.11,One year,119.93,2,No
CUST1693,48,80.07,Month-to-month,950.6,3,No
CUST1694,36,20.16,Month-to-month,726.96,0,No
CUST1695,18,97.78,Two year,546.13,3,Yes
CUST1696,49,98.95,Month-to-month,939.81,0,Yes
CUST1697,39,52.18,Two year,495.19,0,Yes
CUST1698,32,92.59,Month-to-month,982.39,2,No
CUST1699,24,49.32,One year,561.06,1,No
CUST1700,23,40.91,Month-to-month,202.86,0,No
CUST1701,32,104.7,Two year,788.32,1,No
CUST1702,37,62.37,Month-to-month,711.01,2,Yes
CUST1703,12,96.73,Month-to-month,795.69,0,Yes
CUST1704,49,76.32,Month-to-month,956.3,3,No
CUST1705,55,147.97,Month-to-month,798.84,0,No
CUST1706,13,39.45,Month-to-month,650.2,0,No
CUST1707,23,80.4,Two year,871.58,0,Yes
CUST1708,25,108.46,Month-to-month,705.92,2,Yes
CUST1709,35,71.42,One year,467.31,1,Yes
CUST1710,41,146.71,One year,897.06,0,Yes
CUST1711,30,113.85,One year,299.71,4,No
CUST1712,17,105.41,Month-to-month,743.18,3,Yes
CUST1713,49,118.42,Month-to-month,893.41,1,No
CUST1714,20,143.84,One year,758.18,1,No
CUST1715,48,138.02,Two year,727.55,2,No
CUST1716,25,114.16,Month-to-month,777.37,1,No
CUST1717,22,117.39,Month-to-month,518.55,5,No
CUST1718,13,38.97,Month-to-month,886.75,2,Yes
CUST1719,59,33.36,Two year,283.09,0,No
CUST1720,19,94.22,Month-to-month,214.65,0,No
CUST1721,49,22.39,Month-to-month,356.96,0,Yes
CUST1722,36,82.71,Two year,578.42,3,No
CUST1723,12,47.35,Month-to-month,559.51,1,No
CUST1724,41,64.98,Month-to-month,838.54,4,No
CUST1725,19,120.85,One year,464.11,3,Yes
CUST1726,12,142.36,Two year,535.91,3,Yes
CUST1727,9,29.41,Month-to-month,112.03,2,No
CUST1728,7,89.45,Month-to-month,468.77,1,Yes
CUST1729,28,134.73,Month-to-month,683.0,0,No
CUST1730,14,30.73,Month-to-month,113.96,0,No
CUST1731,31,127.19,One year,352.79,0,Yes
CUST1732,52,66.51,Month-to-month,287.16,1,No
CUST1733,19,61.87,Month-to-month,137.79,1,No
CUST1734,58,147.07,Month-to-month,531.33,1,Yes
CUST1735,47,46.11,Month-to-month,263.55,1,No
CUST1736,16,110.12,Month-to-month,768.77,2,No
CUST1737,53,126.79,Two year,863.14,1,No
CUST1738,5,25.35,Month-to-month,591.03,1,No
CUST1739,35,107.15,One year,983.54,1,No
CUST1740,12,143.7,One year,505.43,2,No
CUST1741,25,36.15,Month-to-month,562.03,0,No
CUST1742,52,136.51,Month-to-month,990.3,1,No
CUST1743,59,97.32,Month-to-month,308.39,0,No
CUST1744,21,100.16,Month-to-month,948.29,0,No
CUST1745,36,99.68,Month-to-month,138.55,0,Yes
CUST1746,53,58.85,Month-to-month,501.75,2,No
CUST1747,23,141.58,Month-to-month,163.0,3,No
CUST1748,16,143.16,One year,756.31,3,Yes
CUST1749,57,101.29,Month-to-month,647.57,0,No
CUST1750,39,121.84,One year,735.97,1,Yes
CUST1751,45,99.59,Month-to-month,437.03,1,Yes
CUST1752,53,82.97,Two year,432.53,2,No
CUST1753,42,105.91,Month-to-month,140.79,2,No
CUST1754,58,91.89,Month-to-month,414.95,1,Yes
CUST1755,39,97.67,One year,936.36,0,No
CUST1756,14,121.9,Month-to-month,441.3,1,No
CUST1757,31,82.52,Month-to-month,848.23,1,Yes
CUST1758,58,25.3,Two year,858.09,1,No
CUST1759,5,41.32,Month-to-month,435.92,1,No
CUST1760,35,77.02,Month-to-month,668.79,2,No
CUST1761,23,114.23,One year,185.83,3,No
CUST1762,29,97.13,Two year,193.31,2,No
CUST1763,43,104.54,One year,143.79,0,No
CUST1764,11,82.31,Month-to-month,622.91,2,No
CUST1765,18,100.05,One year,483.46,0,No
CUST1766,47,62.77,Month-to-month,593.23,2,No
CUST1767,12,81.12,One year,568.97,2,Yes
CUST1768,9,116.76,Two year,415.18,1,No
CUST1769,10,133.34,One year,709.73,2,No
CUST1770,58,76.38,Two year,782.65,0,Yes
CUST1771,44,25.68,Month-to-month,113.17,1,Yes
CUST1772,17,41.02,One year,286.52,1,No
CUST1773,38,22.71,One year,741.91,0,No
CUST1774,7,104.92,Month-to-month,447.96,1,Yes
CUST1775,46,63.2,Two year,696.24,2,No
CUST1776,13,90.52,Month-to-month,412.27,1,No
CUST1777,40,84.13,One year,451.68,3,No
CUST1778,42,30.6,One year,242.81,1,No
CUST1779,9,72.42,One year,332.41,1,No
CUST1780,50,48.67,Month-to-month,644.87,1,No
CUST1781,27,74.39,Month-to-month,489.85,1,No
CUST1782,58,46.47,Month-to-month,796.87,1,No
CUST1783,2,129.26,Two year,867.33,1,No
CUST1784,5,42.65,Month-to-month,587.48,2,No
CUST1785,29,144.9,Month-to-month,782.44,0,No
CUST1786,37,74.07,One year,376.21,2,Yes
CUST1787,38,130.01,Month-to-month,473.47,5,Yes
CUST1788,19,101.74,One year,741.5,0,No
CUST1789,8,115.6,One year,447.59,2,No
CUST1790,48,119.8,Two year,629.65,1,No
CUST1791,45,85.63,Month-to-month,266.84,1,No
CUST1792,1,90.63,Month-to-month,639.79,1,Yes
CUST1793,22,86.82,Month-to-month,875.36,1,Yes
CUST1794,52,96.45,Month-to-month,881.78,2,Yes
CUST1795,17,23.82,Month-to-month,751.91,0,No
CUST1796,7,71.42,Month-to-month,771.18,1,No
CUST1797,25,98.8,One year,602.13,1,No
CUST1798,45,97.7,One year,626.2,1,No
CUST1799,4,123.08,Month-to-month,220.29,2,No
CUST1800,36,105.15,One year,499.47,1,No
CUST1801,6,148.98,Two year,505.7,1,No
CUST1802,31,56.9,One year,962.65,2,No
CUST1803,19,66.69,One year,487.98,1,No
CUST1804,44,69.9,Month-to-month,594.41,2,Yes
CUST1805,54,80.56,Month-to-month,579.93,1,Yes
CUST1806,39,128.68,Month-to-month,673.09,1,Yes
CUST1807,27,50.65,Month-to-month,773.41,2,No
CUST1808,10,120.88,Two year,302.54,1,No
CUST1809,26,72.69,One year,575.85,1,No
CUST1810,19,98.24,Month-to-month,843.33,0,Yes
CUST1811,39,102.23,Month-to-month,516.8,2,No
CUST1812,3,68.47,One year,350.61,1,No
CUST1813,45,86.64,Month-to-month,689.24,2,No
CUST1814,13,73.69,Month-to-month,841.39,2,No
CUST1815,50,28.99,Two year,156.83,1,No
CUST1816,28,76.83,Month-to-month,799.11,2,No
CUST1817,58,32.66,Month-to-month,839.48,3,No
CUST1818,20,72.65,Month-to-month,515.37,4,No
CUST1819,28,97.08,Two year,984.98,1,Yes
CUST1820,8,95.32,Month-to-month,808.04,4,Yes
CUST1821,41,106.14,Month-to-month,796.3,0,No
CUST1822,39,32.38,Month-to-month,773.05,1,Yes
CUST1823,1,104.78,Month-to-month,235.55,0,No
CUST1824,3,60.58,Month-to-month,295.51,0,No
CUST1825,13,71.88,One year,517.59,3,No
CUST1826,28,131.54,Month-to-month,337.6,1,No
CUST1827,57,21.17,Two year,473.72,2,No
CUST1828,49,96.49,Month-to-month,899.62,0,No
CUST1829,25,97.83,Month-to-month,841.89,0,No
CUST1830,56,71.57,Month-to-month,667.04,3,No
CUST1831,33,50.81,Month-to-month,872.31,2,Yes
CUST1832,38,50.51,Month-to-month,805.4,2,No
CUST1833,53,134.88,Month-to-month,486.09,6,No
CUST1834,6,77.46,Month-to-month,280.96,0,No
CUST1835,58,63.02,One year,562.78,2,No
CUST1836,44,78.34,Month-to-month,762.61,0,No
CUST1837,45,107.02,One year,492.78,0,No
CUST1838,32,38.95,Two year,700.09,5,No
CUST1839,45,78.43,Month-to-month,184.89,2,No
CUST1840,47,96.42,Month-to-month,773.2,2,No
CUST1841,21,143.32,Month-to-month,831.44,2,No
CUST1842,16,52.83,Month-to-month,736.15,1,No
CUST1843,54,66.7,Month-to-month,970.54,3,No
CUST1844,21,69.32,One year,843.99,2,No
CUST1845,11,98.72,Month-to-month,912.78,3,No
CUST1846,37,66.38,Month-to-month,940.21,2,No
CUST1847,36,89.36,One year,821.21,0,No
CUST1848,35,121.63,Month-to-month,706.83,1,No
CUST1849,19,111.7,One year,105.15,0,Yes
CUST1850,20,78.03,Month-to-month,519.24,2,No
CUST1851,57,132.35,Month-to-month,614.05,3,No
CUST1852,18,92.56,Month-to-month,373.63,5,No
CUST1853,47,90.19,Month-to-month,386.29,1,No
CUST1854,41,24.44,Two year,965.04,2,No
CUST1855,49,148.27,Month-to-month,902.54,1,Yes
CUST1856,14,35.99,Two year,864.26,1,No
CUST1857,15,50.05,Month-to-month,465.41,2,No
CUST1858,31,26.72,Month-to-month,112.33,3,Yes
CUST1859,1,103.2,Month-to-month,172.2,2,Yes
CUST1860,53,49.21,Month-to-month,380.98,1,No
CUST1861,54,43.4,Two year,114.17,1,No
CUST1862,54,31.51,Month-to-month,115.43,2,No
CUST1863,3,33.43,Month-to-month,924.94,1,Yes
CUST1864,16,96.01,Month-to-month,735.54,1,No
CUST1865,23,109.47,Month-to-month,378.06,2,No
CUST1866,57,71.66,Month-to-month,219.38,0,No
CUST1867,11,82.39,Month-to-month,560.47,1,No
CUST1868,12,109.18,One year,104.81,2,No
CUST1869,10,22.26,Month-to-month,944.57,4,No
CUST1870,32,62.01,Month-to-month,473.33,0,No
CUST1871,16,146.5,Month-to-month,462.1,2,Yes
CUST1872,8,95.41,Month-to-month,451.53,2,No
CUST1873,38,53.05,Two year,162.4,1,No
CUST1874,12,87.82,Month-to-month,674.49,1,Yes
CUST1875,24,64.54,Month-to-month,759.7,1,Yes
CUST1876,28,89.19,One year,708.51,2,Yes
CUST1877,53,36.35,Month-to-month,224.59,2,No
CUST1878,8,37.25,Month-to-month,620.96,2,No
CUST1879,58,38.66,Two year,612.54,2,Yes
CUST1880,28,142.18,One year,881.57,1,No
CUST1881,36,115.28,Two year,441.21,3,Yes
CUST1882,26,41.11,Month-to-month,434.34,1,No
CUST1883,8,44.49,Month-to-month,656.67,0,No
CUST1884,58,115.01,Month-to-month,669.77,1,No
CUST1885,50,40.3,Month-to-month,522.36,0,No
CUST1886,28,50.49,One year,498.75,0,No
CUST1887,28,145.24,Month-to-month,544.73,0,No
CUST1888,37,53.19,One year,874.94,0,No
CUST1889,41,106.01,One year,515.05,0,No
CUST1890,36,147.22,Month-to-month,945.94,1,Yes
CUST1891,27,68.66,Month-to-month,553.6,0,Yes
CUST1892,54,22.28,One year,954.28,1,No
CUST1893,17,51.74,Month-to-month,849.55,0,No
CUST1894,9,128.01,One year,426.19,0,No
CUST1895,33,132.4,Month-to-month,877.28,2,No
CUST1896,53,119.91,Month-to-month,199.06,0,No
CUST1897,20,34.7,Month-to-month,932.54,2,No
CUST1898,13,123.42,Two year,668.48,3,No
CUST1899,28,139.43,Month-to-month,148.95,0,No
CUST1900,48,98.08,One year,679.83,0,No
CUST1901,29,142.31,Month-to-month,976.82,1,No
CUST1902,13,127.49,One year,162.82,3,No
CUST1903,46,106.71,One year,599.22,3,No
CUST1904,35,95.03,Month-to-month,773.01,0,No
CUST1905,6,65.31,Month-to-month,829.23,0,Yes
CUST1906,18,40.71,One year,472.44,1,Yes
CUST1907,51,98.64,Month-to-month,283.75,2,No
CUST1908,5,61.35,One year,138.11,1,No
CUST1909,47,132.64,Month-to-month,621.75,4,No
CUST1910,25,149.13,Two year,507.62,0,No
CUST1911,2,117.82,One year,953.87,2,No
CUST1912,10,31.76,Two year,154.54,0,No
CUST1913,56,57.53,Month-to-month,716.86,1,Yes
CUST1914,30,34.18,Month-to-month,122.47,2,No
CUST1915,50,104.57,Month-to-month,254.29,0,No
CUST1916,59,119.47,Month-to-month,508.22,3,Yes
CUST1917,45,140.34,Month-to-month,509.39,0,No
CUST1918,5,76.96,Month-to-month,717.13,2,No
CUST1919,55,137.18,One year,919.19,1,No
CUST1920,56,134.13,Month-to-month,675.13,1,No
CUST1921,33,61.24,Month-to-month,958.18,1,No
CUST1922,54,132.96,One year,893.45,3,No
CUST1923,1,68.84,Month-to-month,626.05,0,No
CUST1924,18,58.59,Month-to-month,850.41,0,No
CUST1925,32,104.38,Two year,678.32,0,No
CUST1926,47,62.69,Two year,170.7,3,No
CUST1927,49,101.93,Month-to-month,766.51,1,Yes
CUST1928,11,99.28,Month-to-month,185.42,0,Yes
CUST1929,21,93.25,One year,634.67,2,No
CUST1930,26,69.45,Month-to-month,732.38,2,Yes
CUST1931,25,91.3,Month-to-month,159.87,1,No
CUST1932,22,97.54,Month-to-month,307.72,0,No
CUST1933,59,90.94,Month-to-month,924.11,2,No
CUST1934,27,77.77,Month-to-month,654.68,3,No
CUST1935,49,21.91,Month-to-month,321.66,2,No
CUST1936,13,96.32,One year,721.61,1,No
CUST1937,33,41.9,Two year,637.1,1,Yes
CUST1938,34,103.53,Month-to-month,551.42,1,Yes
CUST1939,41,118.71,One year,978.57,0,No
CUST1940,35,85.06,Two year,715.11,3,No
CUST1941,1,90.51,Month-to-month,437.9,2,Yes
CUST1942,21,143.69,Month-to-month,820.07,0,No
CUST1943,48,130.13,One year,896.12,3,No
CUST1944,55,138.85,Month-to-month,212.7,1,No
CUST1945,6,125.79,One year,280.5,2,Yes
CUST1946,28,34.16,Month-to-month,294.6,3,No
CUST1947,17,39.37,Two year,722.09,0,Yes
CUST1948,5,88.46,Month-to-month,642.74,1,No
CUST1949,31,51.99,Month-to-month,657.09,0,No
CUST1950,5,81.97,One year,946.7,3,No
CUST1951,38,71.27,Month-to-month,798.32,1,No
CUST1952,3,91.42,Month-to-month,215.14,1,No
CUST1953,53,117.09,Month-to-month,412.76,3,No
CUST1954,23,113.01,Month-to-month,491.85,0,No
CUST1955,37,87.76,Month-to-month,456.37,3,No
CUST1956,53,126.91,Two year,702.38,3,No
CUST1957,37,76.01,Month-to-month,902.7,0,No
CUST1958,10,136.57,One year,375.45,1,No
CUST1959,10,29.27,One year,596.69,2,No
CUST1960,19,144.11,Two year,810.47,3,No
CUST1961,17,105.11,Month-to-month,474.6,2,No
CUST1962,21,69.41,Two year,251.31,1,No
CUST1963,14,45.63,Month-to-month,527.46,4,No
CUST1964,9,82.29,One year,149.7,1,Yes
CUST1965,46,45.29,One year,948.15,2,Yes
CUST1966,1,41.62,One year,167.34,2,No
CUST1967,51,100.26,Month-to-month,494.61,3,No
CUST1968,45,88.0,One year,576.89,1,No
CUST1969,13,107.11,Month-to-month,986.77,1,No
CUST1970,4,140.85,One year,249.42,1,Yes
CUST1971,1,89.19,Two year,202.99,1,No
CUST1972,49,95.52,Month-to-month,107.84,5,No
CUST1973,40,31.65,Two year,240.01,0,Yes
CUST1974,32,113.29,Month-to-month,286.55,2,No
CUST1975,34,71.99,Month-to-month,667.52,1,No
CUST1976,28,146.97,Month-to-month,297.74,3,No
CUST1977,31,127.01,Month-to-month,118.47,3,No
CUST1978,8,87.92,One year,843.96,0,No
CUST1979,39,36.02,Month-to-month,429.04,3,No
CUST1980,26,131.72,Month-to-month,418.33,0,No
CUST1981,58,123.97,Two year,372.23,1,Yes
CUST1982,34,44.0,One year,977.84,1,No
CUST1983,54,58.39,One year,253.1,0,No
CUST1984,54,123.14,Two year,908.41,2,No
CUST1985,3,44.08,One year,799.12,0,No
CUST1986,59,139.31,Month-to-month,168.83,1,No
CUST1987,50,75.19,Month-to-month,988.06,2,No
CUST1988,12,31.32,One year,344.23,1,Yes
CUST1989,1,126.05,Month-to-month,188.72,1,No
CUST1990,54,68.56,One year,846.38,2,No
CUST1991,44,88.44,Month-to-month,736.01,3,No
CUST1992,5,34.6,Month-to-month,655.5,1,No
CUST1993,30,20.34,Month-to-month,240.38,0,No
CUST1994,30,102.94,One year,530.65,1,Yes
CUST1995,59,86.97,Month-to-month,802.5,5,No
CUST1996,57,97.16,One year,373.26,1,No
CUST1997,17,123.19,Month-to-month,380.52,2,No
CUST1998,48,104.06,Month-to-month,102.83,1,No
CUST1999,47,42.72,Two year,256.82,1,No
